EmployeeID;LastName;FirstName;Title;TitleOfCourtesy;BirthDate;HireDate;Address;City;Region;PostalCode;Country;HomePhone;Extension;Photo;Notes;ReportsTo;PhotoPath;Salary
NULL;Fry;Josephine;metus.;vulputate ullamcorper;1968-02-07;1992-01-01;1773 Orci, Street;Licantén;VII;Y2S 8E6;Antarctica;(771) 810-8554;9084;NULL;molestie in, tempus eu, ligula. Aenean euismod mauris eu;NULL;Phasellus;8067
NULL;Stanley;Hayes;enim, sit amet;enim mi;1960-01-08;1997-02-12;3797 Orci Rd.;Newcastle;New South Wales;75090-843;French Polynesia;(956) 629-6720;6544;NULL;placerat. Cras dictum ultricies ligula. Nullam enim. Sed nulla ante,;NULL;luctus;9557
NULL;Bates;Lacota;a;blandit viverra. Donec;1970-01-15;1995-03-30;595-2595 Aliquet St.;Valéncia;Comunitat Valenciana;09844;Burkina Faso;(534) 843-1319;5672;NULL;venenatis vel, faucibus id, libero. Donec consectetuer;NULL;at pretium;6009
NULL;Calderon;Price;aliquam;aliquam;1974-04-29;1996-08-16;686-6884 Hendrerit Ave;Lidköping;O;5176BJ;Greece;(159) 993-9716;7844;NULL;ridiculus mus. Proin vel arcu eu odio;NULL;porttitor;3810
NULL;Richard;Walker;consequat purus.;id, erat. Etiam;1969-04-27;1993-03-08;Ap #306-5375 Sed Rd.;San Miguel;Metropolitana de Santiago;Y2E 1W8;Virgin Islands, British;(382) 294-0637;3629;NULL;Etiam vestibulum massa rutrum magna. Cras convallis convallis dolor. Quisque;NULL;Maecenas ornare;4658
NULL;Sharpe;Courtney;aliquet lobortis,;urna;1958-09-11;1995-01-07;P.O. Box 689, 8217 In Rd.;Bromley;Kent;41204;El Salvador;(575) 982-8110;9072;NULL;Ut tincidunt vehicula risus. Nulla eget metus eu erat;NULL;erat neque non quam. Pellentesque;9100
NULL;Terry;Edan;fermentum metus.;fermentum;1971-01-16;1999-03-23;Ap #283-8467 Posuere Street;Flint;MI;7135IM;Monaco;(919) 980-0039;7898;NULL;et ipsum cursus vestibulum. Mauris magna. Duis;NULL;Integer mollis. Integer tincidunt aliquam;5589
NULL;Rush;Uta;ridiculus mus.;Donec sollicitudin adipiscing;1976-04-23;1994-02-08;975 Dignissim Ave;Cabano;Quebec;J8E 9T7;Dominican Republic;(972) 904-0178;7873;NULL;ipsum dolor sit amet, consectetuer adipiscing;NULL;est. Nunc laoreet;6786
NULL;Albert;Adena;vel;In ornare;1970-01-29;1995-10-28;959-8578 Quis Rd.;Sokoto;SO;10516;Bulgaria;(888) 689-3034;1285;NULL;Nullam velit dui, semper et, lacinia vitae, sodales;NULL;Proin nisl sem, consequat;8895
NULL;Glenn;Barrett;urna convallis;ornare. In;1952-06-03;1998-08-09;Ap #230-7096 Aliquet. St.;Sankt Johann im Pongau;Sbg;8743;Congo, the Democratic Republic of the;(858) 983-9064;4170;NULL;fringilla. Donec feugiat metus sit amet ante. Vivamus;NULL;enim, gravida;3603
NULL;Taylor;Cora;ligula. Nullam enim.;Maecenas;1951-08-07;1993-05-24;6529 Ipsum. Ave;Galway;C;85128;Cambodia;(421) 348-8500;1594;NULL;sem ut cursus luctus, ipsum leo;NULL;Nam ac nulla. In tincidunt;4390
NULL;Jenkins;Cole;urna suscipit;rutrum. Fusce;1950-05-28;1990-04-24;773-919 Fusce Rd.;Huelva;AN;24720;Turkmenistan;(832) 325-8259;4053;NULL;dictum placerat, augue. Sed molestie. Sed id risus quis diam;NULL;Cras eu tellus;4295
NULL;Workman;Flynn;massa. Vestibulum;ut,;1968-01-08;1998-04-27;4266 Cras St.;Boston;Massachusetts;63934;Sri Lanka;(779) 521-2001;2255;NULL;enim. Mauris quis turpis vitae;NULL;Lorem ipsum dolor;8901
NULL;Bush;Salvador;amet,;metus;1975-01-13;1998-02-03;3229 Vel, Rd.;Porto Alegre;Rio Grande do Sul;8526MX;Philippines;(501) 588-4432;9873;NULL;ut cursus luctus, ipsum leo;NULL;aliquet, metus urna;3695
NULL;Clark;Macy;non,;Fusce;1978-01-14;1997-03-19;979-4941 In, Avenue;Slough;BK;39757-680;Falkland Islands;(160) 547-8976;8024;NULL;inceptos hymenaeos. Mauris ut quam vel sapien imperdiet;NULL;arcu. Curabitur ut;3510
NULL;Salas;Melanie;penatibus et;Fusce;1978-02-10;1998-11-28;311-9385 A Street;Chesapeake;Virginia;40176;Morocco;(700) 412-2220;4084;NULL;ligula elit, pretium et, rutrum non, hendrerit id, ante.;NULL;elementum sem,;5077
NULL;Schultz;Phelan;consectetuer mauris id;nisl. Nulla eu;1958-10-26;1993-12-10;P.O. Box 265, 6303 Ultricies St.;Dublin;L;819479;Gabon;(125) 861-7900;7285;NULL;ridiculus mus. Aenean eget magna. Suspendisse tristique neque venenatis lacus.;NULL;mi lacinia;6942
NULL;Lynn;Serina;gravida. Praesent;sociis natoque;1975-10-25;1991-10-05;9250 Lorem St.;Radom;MA;05874;Mexico;(350) 127-5291;9084;NULL;ut quam vel sapien imperdiet ornare.;NULL;"cubilia Curae; Phasellus ornare.";3506
NULL;Marshall;Stephanie;sapien imperdiet ornare.;Fusce dolor quam,;1952-09-30;1998-02-19;798-8082 Amet Av.;Dubbo;NSW;70412;Ireland;(654) 262-7116;5188;NULL;feugiat. Sed nec metus facilisis lorem tristique aliquet.;NULL;quam vel sapien imperdiet ornare.;4482
NULL;Schultz;Neil;ipsum dolor sit;pede ac;1972-03-15;1999-01-07;552-2576 Donec St.;Vienna;Wie;77846;Brunei;(583) 773-4664;1423;NULL;amet, dapibus id, blandit at, nisi. Cum;NULL;Vestibulum ante;4084
NULL;Farrell;August;est;sem;1966-12-12;1991-03-12;P.O. Box 293, 6590 Ut Street;Fort Worth;Texas;8786;Zambia;(206) 338-7604;7420;NULL;porttitor interdum. Sed auctor odio a purus. Duis elementum, dui;NULL;dui, semper;8615
NULL;Morin;Melanie;felis eget varius;non dui nec;1975-11-10;1994-06-22;116-8327 Morbi Rd.;East Linton;East Lothian;919590;Rwanda;(687) 165-4611;1447;NULL;In mi pede, nonummy ut, molestie in, tempus eu,;NULL;imperdiet non, vestibulum nec, euismod;8045
NULL;Dunn;Sebastian;erat vitae;mauris a nunc.;1954-10-19;1994-02-17;Ap #145-8086 Porttitor Street;Bridgeport;CT;85-783;Israel;(563) 888-7353;3590;NULL;In tincidunt congue turpis. In condimentum. Donec at arcu. Vestibulum;NULL;mauris;3530
NULL;Miles;Zephr;sodales;venenatis a, magna.;1974-02-10;1991-06-02;Ap #552-2685 Gravida Road;Berlin;BE;2818;Israel;(496) 846-1430;8214;NULL;tortor at risus. Nunc ac;NULL;nulla ante,;6569
NULL;Tran;Leslie;porta elit, a;suscipit, est ac;1958-02-14;1994-04-06;Ap #849-3456 Montes, Ave;Alloa;Clackmannanshire;4719;Cocos (Keeling) Islands;(667) 453-1994;6727;NULL;non, feugiat nec, diam. Duis;NULL;a;3006
NULL;Ware;Bert;enim.;sit amet diam;1978-06-03;1997-01-24;241-1177 Dolor Avenue;Patos;Paraíba;58859-443;Virgin Islands, British;(526) 415-6707;9255;NULL;Etiam imperdiet dictum magna. Ut tincidunt orci quis lectus. Nullam;NULL;Fusce;9830
NULL;Reid;Stewart;Suspendisse;Morbi;1960-08-28;1993-01-17;9707 Cras Street;Märsta;AB;2270;Australia;(866) 886-1721;6740;NULL;Proin vel arcu eu odio tristique pharetra.;NULL;felis, adipiscing fringilla,;3896
NULL;Hensley;Thaddeus;magnis;ac facilisis facilisis,;1960-03-05;1991-07-17;884-2212 Tincidunt Ave;Madrid;Madrid;3690;Netherlands;(568) 806-5824;2441;NULL;ultrices. Duis volutpat nunc sit amet metus. Aliquam erat volutpat.;NULL;nulla magna,;9406
NULL;Nguyen;Nerea;purus, in molestie;Morbi;1956-09-23;1995-01-23;2233 Lectus Road;Cumnock;AY;7635;Tonga;(122) 534-3762;7763;NULL;dolor, tempus non, lacinia at, iaculis quis,;NULL;ut odio;6875
NULL;Diaz;Aspen;montes,;sagittis felis.;1975-10-04;1993-02-28;Ap #277-6576 Odio. Ave;Tejar;C;02219;United States Minor Outlying Islands;(490) 470-7583;2820;NULL;arcu ac orci. Ut semper pretium neque.;NULL;montes,;9903
NULL;Mcmahon;Cecilia;eget nisi;magnis;1968-09-28;1990-05-10;Ap #884-8227 Ac Road;Fahler;AB;12-609;Austria;(840) 452-8249;5717;NULL;pede nec ante blandit viverra.;NULL;tellus non;3548
NULL;Contreras;Timon;vulputate,;molestie orci;1961-02-22;1993-07-06;4836 Orci. St.;Kielce;SK;V8W 9N9;Algeria;(432) 657-2306;5372;NULL;neque sed dictum eleifend, nunc risus varius orci,;NULL;nisl sem, consequat nec,;3406
NULL;Wright;Kylie;nunc interdum;elementum;1958-06-07;1997-07-31;286-4477 Non, Ave;Jundiaí;SP;35361;Bulgaria;(589) 127-9342;7424;NULL;velit eu sem. Pellentesque ut ipsum;NULL;Nam ac nulla. In;3300
NULL;Knox;Elaine;fringilla mi;laoreet;1976-10-11;1994-06-30;P.O. Box 353, 8806 Vitae Av.;Queenstown;South Island;76106;Uzbekistan;(926) 991-7805;7182;NULL;ridiculus mus. Proin vel nisl. Quisque fringilla euismod enim.;NULL;Proin non massa non ante;7260
NULL;Garza;Dane;est. Mauris;lacinia. Sed;1973-09-10;1991-10-11;P.O. Box 155, 2800 Tellus. Street;Kilmalcolm;Renfrewshire;30319;Malta;(363) 241-9529;5581;NULL;at lacus. Quisque purus sapien, gravida non, sollicitudin;NULL;nec, mollis;6957
NULL;Rowland;Amery;Donec tempus, lorem;egestas a, scelerisque;1968-06-04;1995-09-02;Ap #718-9530 Lectus, Rd.;Pabianice;łódzkie;9983;Paraguay;(303) 576-0076;2271;NULL;Quisque imperdiet, erat nonummy ultricies ornare, elit elit fermentum risus,;NULL;ipsum primis in faucibus orci;8812
NULL;Johnston;Samantha;magna. Nam;vel;1954-09-19;1998-01-20;Ap #955-5119 Consectetuer St.;Barrie;ON;18194;Poland;(488) 760-1026;1271;NULL;eget metus. In nec orci. Donec nibh. Quisque;NULL;dictum eu,;6002
NULL;Peters;Stephanie;in aliquet lobortis,;tellus eu augue;1973-06-06;1991-10-06;P.O. Box 782, 1184 Lectus, St.;Orilla;Ontario;6392;Tuvalu;(758) 218-7340;3821;NULL;sagittis. Nullam vitae diam. Proin dolor. Nulla semper tellus;NULL;porttitor eros nec tellus.;3164
NULL;Campbell;Velma;sit amet metus.;eget massa. Suspendisse;1972-01-28;1990-11-03;P.O. Box 643, 370 Massa. Avenue;Pukekohe;NI;63498;Pakistan;(283) 720-2478;3318;NULL;senectus et netus et malesuada fames ac turpis;NULL;vel pede blandit;6046
NULL;Conrad;Yvonne;nonummy. Fusce;tincidunt nibh.;1960-11-27;1996-09-07;Ap #525-3001 Ut, Av.;Naperville;IL;UE4 7WV;Nicaragua;(895) 505-2295;3711;NULL;justo. Praesent luctus. Curabitur egestas;NULL;accumsan neque et;9594
NULL;Park;Ashton;Pellentesque ultricies;tincidunt aliquam arcu.;1974-11-05;1990-01-16;P.O. Box 959, 4675 Quisque Road;Portsoy;BA;90-922;Botswana;(198) 453-3621;1298;NULL;neque non quam. Pellentesque habitant morbi tristique senectus;NULL;eu augue;7860
NULL;Blake;Kameko;ante lectus;Donec egestas. Duis;1964-11-28;1999-09-21;Ap #804-5621 Risus. Rd.;Alajuela;A;79877;Fiji;(354) 135-0329;8172;NULL;sagittis semper. Nam tempor diam dictum sapien. Aenean;NULL;dolor dapibus gravida.;8791
NULL;Ferrell;Xavier;eu eros. Nam;ut nisi a;1957-01-22;1995-09-19;Ap #419-3965 Primis Rd.;Périgueux;Aquitaine;36092;Saint Barthélemy;(988) 832-9872;2172;NULL;felis. Donec tempor, est ac mattis;NULL;pharetra ut, pharetra sed, hendrerit;9462
NULL;Hewitt;Yolanda;risus odio,;justo;1973-01-21;1998-09-20;339-1090 Amet Street;Sosnowiec;Sląskie;1425ZE;Morocco;(436) 526-9629;2452;NULL;montes, nascetur ridiculus mus. Proin vel arcu;NULL;Integer sem elit, pharetra ut,;3093
NULL;Day;Colby;sodales. Mauris blandit;nec, malesuada;1959-12-14;1990-03-30;Ap #135-7553 Sed St.;Gaziantep;Gaz;36804;Åland Islands;(398) 506-8172;7344;NULL;lorem, auctor quis, tristique ac, eleifend vitae, erat.;NULL;bibendum sed, est.;6623
NULL;Olsen;Drew;elementum,;ipsum;1956-02-01;1991-02-24;761 Duis Ave;Atlanta;Georgia;6272;Libya;(131) 568-5457;7120;NULL;molestie orci tincidunt adipiscing. Mauris;NULL;dolor;3935
NULL;Taylor;Isadora;nec tellus. Nunc;amet;1976-07-24;1998-02-12;370-692 Euismod Ave;Devonport;TAS;796497;Tokelau;(564) 703-4848;3230;NULL;facilisi. Sed neque. Sed eget;NULL;cursus. Nunc mauris elit, dictum;8109
NULL;Carroll;Beau;risus.;nisi;1978-11-09;1994-05-10;469-2491 Nisi St.;Galbiate;Lombardia;61043;Moldova;(989) 783-6698;1835;NULL;blandit at, nisi. Cum sociis natoque;NULL;nisi.;9199
NULL;Morales;Kaye;mi lacinia;nascetur;1959-07-31;1998-06-27;Ap #294-6022 Nunc Av.;Kaduna;Kaduna;30909;Fiji;(508) 311-7665;6790;NULL;nibh vulputate mauris sagittis placerat.;NULL;rutrum. Fusce dolor;4836
NULL;Nixon;Jennifer;amet, consectetuer adipiscing;placerat. Cras dictum;1964-11-30;1992-03-13;Ap #188-9022 Libero Avenue;Cork;M;11-482;Afghanistan;(616) 866-6856;4079;NULL;amet risus. Donec egestas. Aliquam nec enim. Nunc ut;NULL;rutrum lorem ac risus.;3587
NULL;Mendoza;Ivy;pede,;cursus;1961-03-25;1997-08-12;P.O. Box 977, 4614 Neque. St.;Belgrave;VIC;7249;Viet Nam;(908) 902-2955;6339;NULL;turpis non enim. Mauris quis turpis vitae purus;NULL;Donec felis;3276
NULL;Walter;Clare;arcu.;faucibus orci luctus;1963-12-08;1999-12-04;2127 Sociis Avenue;Kano;Kano;89339;Guernsey;(706) 478-9027;1512;NULL;congue. In scelerisque scelerisque dui. Suspendisse ac metus vitae;NULL;hendrerit consectetuer, cursus et, magna.;8339
NULL;Pope;Shafira;Duis;Class aptent taciti;1970-03-22;1995-08-24;P.O. Box 620, 6296 Erat. Rd.;Groenlo;Gl;270267;Peru;(197) 281-4379;5633;NULL;Nunc ut erat. Sed nunc est, mollis non, cursus non,;NULL;purus;3191
NULL;Short;Desiree;dictum. Phasellus;placerat. Cras;1971-01-18;1996-06-15;889-4149 Eu Rd.;Alacant;CV;05045;Bolivia;(925) 479-6743;7174;NULL;tortor at risus. Nunc ac sem ut;NULL;Nunc;7956
NULL;Middleton;Oleg;auctor velit. Aliquam;eu, euismod;1953-09-22;1998-04-08;148-1863 Orci, Ave;Alajuela;A;98-959;Niger;(161) 329-8089;8104;NULL;a purus. Duis elementum, dui quis accumsan;NULL;et, eros. Proin ultrices.;6352
NULL;Yates;Keaton;urna.;accumsan convallis,;1977-07-31;1994-12-26;P.O. Box 274, 9702 Quis Avenue;Shepparton;Victoria;84366;Dominica;(917) 502-2868;9200;NULL;Aliquam ultrices iaculis odio. Nam interdum enim non nisi. Aenean;NULL;Aliquam adipiscing lobortis;9698
NULL;Richardson;Xyla;dui lectus;justo.;1963-05-02;1999-10-10;P.O. Box 807, 6880 Risus. Street;Erli;Liguria;2718;Tajikistan;(972) 142-5862;3344;NULL;rhoncus. Proin nisl sem, consequat nec, mollis vitae, posuere at,;NULL;dui augue eu tellus.;5069
NULL;Ball;Illana;dignissim tempor arcu.;parturient montes,;1965-08-29;1999-09-30;5627 Mauris. Ave;Täby;Stockholms län;17032-250;Argentina;(199) 845-2908;2140;NULL;turpis vitae purus gravida sagittis. Duis gravida. Praesent eu;NULL;volutpat.;6694
NULL;Cobb;Fatima;Aenean eget;orci luctus et;1953-03-26;1998-09-15;436-8055 Cras St.;Saint-Malo;BR;31811;Dominican Republic;(974) 549-0298;3006;NULL;vitae velit egestas lacinia. Sed congue, elit sed consequat auctor,;NULL;facilisis eget, ipsum.;7518
NULL;Browning;Nissim;aliquet libero.;gravida. Praesent;1973-07-16;1991-05-09;4049 Egestas Ave;Ananindeua;PA;20002;Denmark;(980) 860-8881;8040;NULL;condimentum eget, volutpat ornare, facilisis eget, ipsum.;NULL;Phasellus vitae mauris;5090
NULL;Parsons;Hyacinth;orci,;ac risus.;1971-10-04;1997-01-12;8760 Posuere Rd.;Wiesbaden;Hesse;8426;Singapore;(603) 734-1762;3159;NULL;nec, diam. Duis mi enim, condimentum eget, volutpat ornare, facilisis;NULL;penatibus et magnis dis;6651
NULL;Rowe;Brendan;nisi dictum;massa non ante;1958-10-21;1994-03-05;670-986 Consectetuer, Ave;Albany;WA;19267;Palestine, State of;(703) 973-5788;4642;NULL;eu tempor erat neque non quam.;NULL;justo nec ante.;4634
NULL;Farmer;Xyla;condimentum. Donec at;vehicula;1973-05-21;1997-05-13;309-4514 Eget, Ave;Suwałki;PD;42526;Faroe Islands;(132) 855-5145;5987;NULL;lacus. Aliquam rutrum lorem ac risus. Morbi;NULL;et tristique pellentesque, tellus sem;8514
NULL;Boyle;Alea;non, hendrerit;Mauris;1952-01-16;1994-03-22;P.O. Box 873, 4208 Consectetuer St.;Pica;Tarapacá;98926;Vanuatu;(892) 939-9410;8226;NULL;vehicula aliquet libero. Integer in magna. Phasellus dolor elit, pellentesque;NULL;arcu. Sed eu nibh vulputate;4478
NULL;Taylor;Hammett;magnis;molestie sodales. Mauris;1978-06-03;1997-12-18;268-1832 Congue. Av.;Vienna;Vienna;45989;Åland Islands;(704) 264-1505;5292;NULL;id, libero. Donec consectetuer mauris id sapien. Cras dolor;NULL;purus. Nullam scelerisque;9355
NULL;Nieves;Kennedy;luctus et;vulputate;1956-07-27;1996-11-14;382-9379 Id St.;Cerrillos;RM;3065;Estonia;(847) 771-2616;8059;NULL;sem. Pellentesque ut ipsum ac mi eleifend;NULL;orci,;9901
NULL;Bean;Eleanor;fames ac turpis;tellus id;1970-04-01;1993-04-29;Ap #290-1047 Ac, Street;Quenast;Waals-Brabant;89-998;Suriname;(229) 817-5668;9697;NULL;at lacus. Quisque purus sapien, gravida non, sollicitudin a, malesuada;NULL;sollicitudin;3007
NULL;Mcdowell;Barrett;dictum. Proin eget;egestas;1969-05-09;1997-01-04;5969 Volutpat. Street;San José de Alajuela;Alajuela;319726;Macao;(226) 626-2261;6126;NULL;Vivamus nisi. Mauris nulla. Integer urna. Vivamus molestie;NULL;mattis. Cras eget nisi dictum;4145
NULL;Hardy;Brielle;Mauris ut quam;magna tellus;1950-03-08;1993-02-24;Ap #844-234 Nunc. Av.;Sluis;Zl;CN75 8RU;Western Sahara;(808) 497-3260;8931;NULL;dis parturient montes, nascetur ridiculus mus. Donec dignissim magna a;NULL;elit fermentum risus, at fringilla;7252
NULL;Riddle;Lee;Duis risus odio,;arcu. Morbi;1954-10-30;1994-12-09;P.O. Box 463, 5957 Primis Street;Castelvecchio di Rocca Barbena;LIG;40709;Italy;(883) 530-2093;3115;NULL;arcu. Sed eu nibh vulputate mauris sagittis placerat. Cras dictum;NULL;Sed nulla;8814
NULL;Harding;Kyra;dolor sit;mi,;1967-11-06;1991-01-26;P.O. Box 853, 6610 Enim. Rd.;Oristano;Sardegna;79488;Spain;(903) 462-8742;5648;NULL;eu, placerat eget, venenatis a, magna. Lorem ipsum dolor sit;NULL;amet, consectetuer adipiscing;5663
NULL;Larson;Chase;augue scelerisque mollis.;sem;1951-04-26;1995-06-11;9677 Ultrices Rd.;Santa Luzia;MG;656419;Equatorial Guinea;(798) 655-4355;3858;NULL;lectus justo eu arcu. Morbi;NULL;dolor, nonummy ac,;4271
NULL;Sosa;Tucker;ultricies sem magna;pede. Nunc sed;1957-02-27;1998-06-20;Ap #122-9827 Sapien, Av.;Akron;OH;2398;Paraguay;(496) 985-7855;4929;NULL;vel arcu. Curabitur ut odio vel est tempor bibendum.;NULL;rutrum eu,;8565
NULL;Cunningham;Kenyon;elit sed consequat;magna sed;1954-10-04;1993-01-26;5592 Aenean Rd.;Port Pirie;SA;247622;United States Minor Outlying Islands;(558) 247-5024;6790;NULL;ac turpis egestas. Aliquam fringilla cursus purus. Nullam scelerisque neque;NULL;elit, a feugiat;7929
NULL;Stokes;Anika;nulla. Donec;volutpat. Nulla;1971-04-02;1996-10-05;Ap #403-4990 Tristique St.;Neerharen;Limburg;39520;Swaziland;(775) 337-0691;7874;NULL;in sodales elit erat vitae;NULL;urna. Ut tincidunt vehicula;6946
NULL;Jefferson;Bo;sit amet lorem;egestas;1965-09-11;1990-05-31;P.O. Box 139, 7610 Curabitur Road;New Radnor;RA;32365-662;Pakistan;(815) 492-5414;8717;NULL;magna tellus faucibus leo, in lobortis;NULL;enim. Curabitur massa.;7615
NULL;Sellers;Jermaine;nibh. Quisque;ac tellus.;1979-05-16;1992-12-29;350-7108 Sit St.;Vienna;Wie;70800;Jamaica;(679) 202-3604;4986;NULL;fringilla est. Mauris eu turpis.;NULL;Suspendisse ac metus vitae;6135
NULL;Peterson;Nicole;Proin ultrices.;Aliquam nec enim.;1958-03-17;1994-07-17;P.O. Box 953, 5734 Eros St.;Vienna;Vienna;41656;Antigua and Barbuda;(463) 252-8631;2262;NULL;turpis. Nulla aliquet. Proin velit. Sed;NULL;amet, risus. Donec;5074
NULL;Cohen;Serina;pellentesque;ac ipsum.;1979-01-21;1992-12-22;P.O. Box 672, 9110 Ut Rd.;Wałbrzych;DS;L8H 6W0;Reunion;(854) 613-1974;7706;NULL;molestie pharetra nibh. Aliquam ornare,;NULL;sed pede nec;4034
NULL;Oneill;Chester;quam vel sapien;massa;1962-10-05;1992-02-25;Ap #589-9617 Luctus St.;Katsina;Katsina;7151;Australia;(744) 660-1393;6882;NULL;risus. In mi pede, nonummy;NULL;ut;4929
NULL;Mayo;Veronica;dui. Suspendisse ac;gravida nunc;1959-04-01;1994-06-08;P.O. Box 181, 3205 Mauris Av.;Kollam;KL;9697;Canada;(316) 798-2183;3864;NULL;malesuada fringilla est. Mauris eu turpis.;NULL;augue;5728
NULL;Hurley;Courtney;eget;libero. Donec;1974-05-29;1990-06-09;1589 Vehicula. Street;San Rafael;SJ;ZV5V 5HQ;Reunion;(795) 601-3367;3310;NULL;non, cursus non, egestas a, dui.;NULL;amet ante. Vivamus non lorem;7423
NULL;Tanner;Herrod;purus;sem elit,;1950-06-16;1996-12-25;5884 Id, Rd.;Ayr;Ayrshire;T3 5FS;Anguilla;(247) 332-3540;9654;NULL;natoque penatibus et magnis dis parturient;NULL;Cras;8613
NULL;Brock;Garth;arcu eu;dolor,;1976-04-21;1993-03-06;9989 Mauris Av.;Galway;Connacht;2707;Zimbabwe;(465) 259-1381;7279;NULL;Aenean gravida nunc sed pede. Cum sociis natoque penatibus et;NULL;magna et ipsum;7860
NULL;Stevens;Adrienne;eu nibh;Nam;1959-04-11;1999-08-04;8766 Feugiat Ave;Nizamabad;AP;4976ZF;Martinique;(905) 921-1227;7418;NULL;Nam consequat dolor vitae dolor.;NULL;arcu imperdiet ullamcorper.;4628
NULL;Morrow;Brittany;Aliquam;facilisis;1957-08-06;1993-01-25;P.O. Box 755, 493 Semper. St.;Vienna;Wie;4678IX;Eritrea;(755) 872-6797;7695;NULL;dis parturient montes, nascetur ridiculus mus. Aenean eget;NULL;lorem fringilla ornare;4174
NULL;Rose;Burke;nisi;enim. Curabitur massa.;1979-10-09;1996-07-15;P.O. Box 897, 2798 Mauris Road;Vienna;Vienna;41109;Norway;(234) 788-7629;3656;NULL;non, cursus non, egestas a, dui. Cras;NULL;ullamcorper magna.;7050
NULL;Gilmore;Linda;tellus justo sit;odio;1957-10-01;1997-04-12;P.O. Box 597, 1749 Blandit Avenue;Piracicaba;SP;32754;Bhutan;(663) 799-6426;6842;NULL;non quam. Pellentesque habitant morbi tristique senectus et netus et;NULL;eu, euismod ac, fermentum vel,;6443
NULL;Wiley;Shelley;luctus ut, pellentesque;tristique pharetra.;1954-05-05;1993-03-07;Ap #341-1551 A Rd.;Waterbury;Connecticut;68625;Switzerland;(602) 348-8678;9055;NULL;in molestie tortor nibh sit amet orci. Ut sagittis lobortis;NULL;interdum.;6970
NULL;Chaney;Hiram;ultrices. Duis;nunc nulla;1967-10-11;1998-02-27;P.O. Box 142, 3562 Posuere, Avenue;Laren;Noord Holland;8189;Wallis and Futuna;(847) 428-2215;9268;NULL;In tincidunt congue turpis. In condimentum. Donec at;NULL;Proin vel arcu eu;7649
NULL;Copeland;Janna;Aliquam auctor, velit;penatibus et;1968-12-10;1996-10-13;Ap #437-8666 Porttitor Rd.;Broken Arrow;Oklahoma;P6N 8Y4;French Guiana;(578) 658-0736;9751;NULL;vel, mauris. Integer sem elit, pharetra ut,;NULL;dolor. Fusce feugiat.;7011
NULL;Wilder;Rashad;sem molestie sodales.;nisi. Cum sociis;1953-07-14;1997-05-01;2201 Eleifend, Rd.;Silifke;Mer;36-692;Saint Barthélemy;(746) 297-0553;8347;NULL;sollicitudin a, malesuada id, erat.;NULL;pharetra sed,;5871
NULL;Holman;Tate;primis in;dui quis;1950-01-20;1993-12-02;732-5470 Et St.;Ribeirão Preto;SP;602010;Trinidad and Tobago;(993) 229-7050;7643;NULL;Maecenas mi felis, adipiscing fringilla, porttitor;NULL;arcu. Vestibulum ut;6800
NULL;Williams;Naomi;erat.;ipsum primis in;1976-10-07;1990-09-07;P.O. Box 463, 8574 Tellus Street;Bremen;HB;80985;Kiribati;(998) 902-2516;4497;NULL;dui, semper et, lacinia vitae, sodales at, velit. Pellentesque;NULL;vitae odio sagittis;7220
NULL;Terry;Anne;Sed eu;posuere vulputate, lacus.;1954-01-16;1994-03-12;750-7669 Porttitor Rd.;Elbląg;Warmińsko-mazurskie;86146-142;Croatia;(482) 999-8156;8957;NULL;elit erat vitae risus. Duis;NULL;dictum placerat, augue. Sed;3350
NULL;Zimmerman;Urielle;diam;magna. Ut tincidunt;1967-01-06;1996-09-06;2110 Vel, Ave;Mataró;CA;30718;Holy See (Vatican City State);(108) 528-3984;2500;NULL;feugiat. Sed nec metus facilisis lorem tristique aliquet. Phasellus fermentum;NULL;sit amet ornare lectus justo;5752
NULL;Cooke;Cassady;sapien,;Donec;1980-04-22;1996-04-11;5306 Dui, Av.;Pamplona;Navarra;15031-731;Bulgaria;(757) 306-0676;9173;NULL;malesuada id, erat. Etiam vestibulum massa;NULL;lorem, sit amet ultricies;3176
NULL;Herrera;Neve;penatibus et magnis;purus ac;1962-01-09;1992-06-12;Ap #781-5141 Eu Street;Alacant;Comunitat Valenciana;73949;Syria;(894) 655-4202;9995;NULL;diam. Pellentesque habitant morbi tristique;NULL;in aliquet lobortis, nisi nibh;5683
NULL;Riley;Fritz;luctus aliquet;iaculis enim, sit;1955-03-29;1993-09-01;Ap #579-1214 Eget Avenue;Upplands Väsby;AB;175266;Albania;(871) 600-5804;6529;NULL;Sed nunc est, mollis non, cursus non,;NULL;ipsum cursus vestibulum.;3553
NULL;Beard;Laura;non,;risus;1969-12-20;1991-07-25;979-9112 Primis Avenue;Aurora;IL;5301;Djibouti;(994) 644-8884;4165;NULL;faucibus lectus, a sollicitudin orci sem eget massa.;NULL;est tempor;5196